{"cameraMode":{"drawMode":0,"name":"Shaded","section":"Shading Mode"},"sceneLighting":true,"audioPlay":false,"sceneViewState":{"m_AlwaysRefresh":false,"showFog":true,"showSkybox":true,"showFlares":true,"showImageEffects":true,"showParticleSystems":true,"showVisualEffectGraphs":true,"m_FxEnabled":true},"in2DMode":false,"pivot":{"x":-0.2893744111061096,"y":0.48393934965133669,"z":-0.34169474244117739},"rotation":{"x":-0.19043664634227754,"y":0.668361246585846,"z":-0.1830396205186844,"w":-0.6953674554824829},"size":0.5429329872131348,"orthographic":false}